Material Document,Posting Date,Movement Type,Part Number,Material Description,Quantity,UOM,Storage Location,Vendor / Customer,Plant,PO / Order Number
5000101001,2026-08-02,101,100201,Alu Die-Cast Housing,2500,PC,RM01,V-1001,1001,4500091001
5000101002,2026-08-02,101,800101,Corrugated Packaging Box Single Pack,3000,PC,PM01,V-1006,1001,4500091002
5000101003,2026-08-03,101,200405,Composite Sliding Vanes,10000,PC,RM01,V-1002,1001,4500091003
5000101004,2026-08-03,101,7.06496.03.0,Vacuum Pump Panther 2.0L,1200,PC,FG01,PROD-LINE-1,1001,10004501
5000101005,2026-08-04,101,200408,HNBR Shaft Oil Seal,2000,PC,RM01,V-1003,1001,4500091004
5000101006,2026-08-04,101,7.09629.01.0,FAM B Tandem Pump,1000,PC,FG01,PROD-LINE-2,1001,10004502
5000101007,2026-08-05,101,100202,Sintered Rotor Core,2000,PC,RM01,V-1002,1001,4500091005
5000101008,2026-08-06,101,7.06496.03.0,Vacuum Pump Panther 2.0L,800,PC,FG01,PROD-LINE-1,1001,10004503
5000101009,2026-08-07,101,7.09629.01.0,FAM B Tandem Pump,1000,PC,FG01,PROD-LINE-2,1001,10004504
5000601001,2026-08-07,601,7.06496.03.0,Vacuum Pump Panther 2.0L,1800,PC,FG01,Tata Motors Pune,1001,80001021
5000601002,2026-08-07,601,7.09629.01.0,FAM B Tandem Pump,1900,PC,FG01,Mahindra Chakan,1001,80001022
